YacName,Loc,Tonn,Cu,Au,Pb,Ag,Zn
Abeshiro,JAPN,    1700000.,2200, 0.0001200,1000,    0.0219000,11800
Adak-Lindskold,SWDN,    5920000.,1550, 0.0000300,0,    0.0005000,0
Afterthought,USCA,     151000.,3230, 0.0001000,2170,    0.0190000,16150
Aijala,FNLD,     840000.,1800, 0.0000750,20,    0.0015000,600
Akarsen,TRKY,    4000000.,2870, 0.0002300,0,    0.0035000,0
Akkoy,TRKY,    1882000.,470, 0.0000000,0,    0.0000000,2860
Akulla Vastra,SWDN,    1000000.,1000, 0.0000700,0,    0.0012000,0
Albert,CNQU,     544000.,3000, 0.0000000,0,    0.0000000,0
Aldermac,CNQU,    1980000.,1520, 0.0000170,0,    0.0006500,0
Allard River,CNQU,     449000.,750, 0.0000000,0,    0.0000000,0
AlmagreraLapilla,SPAN,   15500000.,700, 0.0000000,700,    0.0000000,700
Amulet A,CNQU,    5871000.,4850, 0.0001390,0,    0.0050300,5790
Amulet F,CNQU,     260000.,3400, 0.0000510,0,    0.0046300,8600
Anayatak Ergani,TRKY,   24100000.,2940, 0.0001120,0,    0.0018700,0
Anaytk-Cakmakaya,TRKY,   83144000.,760, 0.0000048,0,    0.0003700,30
Anderson Lake,CNMN,    3130000.,3600, 0.0000620,0,    0.0007750,150
Angelo,AUWA,     508000.,2210, 0.0000000,0,    0.0000000,0
Anne,NRWY,      20000.,1800, 0.0000000,0,    0.0000000,500
Antler,USAZ,      92000.,2500, 0.0000310,700,    0.0032600,6500
Arctic,USAK,   36290000.,4000, 0.0000017,1000,    0.0051420,5500
Bjurliden,SWDN,      96000.,100, 0.0000210,200,    0.0040000,3700
Armstrong A,CNNB,    3180000.,290, 0.0000690,420,    0.0002400,2290
As Safra,SAAR,    4500000.,1290, 0.0001000,400,    0.0000000,800
Asen-East,SWDN,     180000.,1100, 0.0000610,200,    0.0031000,800
Asen-West,SWDN,     482000.,1300, 0.0000710,200,    0.0052000,1900
Ash Shizm,SAAR,    1000000.,2920, 0.0000000,0,    0.0000000,740
Austin Brook,CNNB,     900000.,100, 0.0000000,1860,    0.0034000,2930
Avoca,IRLD,   27250000.,840, 0.0000000,0,    0.0000000,0
Aznacollar,SPAN,   90000000.,510, 0.0000500,850,    0.0037000,1800
Bagacay,PLPN,    3990000.,3400, 0.0000000,0,    0.0000000,2800
Bailadores,VNZL,    3500000.,2000, 0.0000000,6000,    0.0068000,17000
Balaklala,USCA,    2100000.,2800, 0.0000960,0,    0.0034000,1300
Bald Mountain,USME,   33000000.,1400, 0.0000000,0,    0.0000000,1200
Bandgan,PKSN,      29000.,800, 0.0000700,0,    0.0005000,0
Barrett,USME,     395000.,1750, 0.0007900,0,    0.0020600,2000
Barrington Lake,CNMN,     227000.,2500, 0.0000000,0,    0.0000000,0
BarvalleeMogador,CNQU,    1310000.,630, 0.0001170,290,    0.0054800,7060
Baskoy,TRKY,      86000.,3180, 0.0000000,0,    0.0000000,1240
BathurstNorsmine,CNNT,   19050000.,410, 0.0000450,750,    0.0149800,4980
Bawdwin,BRMA,   34100000.,480, 0.0000060,90,    0.0232000,13000
Beatson,USAK,    4100000.,2200, 0.0000000,0,    0.0011000,0
Bedford Hill,CNQU,      83000.,890, 0.0000000,0,    0.0000000,0
Bell Allard,CNQU,     233000.,1350, 0.0000210,0,    0.0034000,9300
Bell Channel,CNQU,     821000.,1950, 0.0000000,0,    0.0000000,570
Bidjovagge (A),NRWY,     402000.,2000, 0.0003980,0,    0.0000000,0
Bidjovagge (B),NRWY,     303000.,1830, 0.0000000,0,    0.0000000,0
Bidjovagge (C),NRWY,    2315000.,1840, 0.0000000,400,    0.0000000,2000
Bidjovagge (D),NRWY,     560000.,1840, 0.0000000,0,    0.0000000,0
Big Bend,USCA,      50000.,1140, 0.0001540,200,    0.0041400,10700
Big Hill,USME,     753000.,130, 0.0000000,1000,    0.0147400,3000
Binghampton,USAZ,     363000.,3000, 0.0001710,0,    0.0068600,0
Birch Lake,CNSK,     273000.,6200, 0.0000140,0,    0.0004100,0
Bjorkasen,NRWY,    6000000.,450, 0.0000000,0,    0.0000000,1000
Bjurfors,SWDN,    2000000.,2600, 0.0000200,0,    0.0009000,0
Bjurtrask,SWDN,      23400.,3500, 0.0001280,0,    0.0020000,6600
Blue Ledge,USCA,     180000.,4100, 0.0004300,0,    0.0187000,2000
Blue Moon,USCA,     105000.,360, 0.0002090,450,    0.0123000,12500
Bodennec,FRNC,    7000000.,580, 0.0000000,920,    0.0030000,1500
Boliden,SWDN,    7530000.,1400, 0.0015500,300,    0.0050000,900
Bossmo,NRWY,    2000000.,420, 0.0000000,0,    0.0000000,400
Britannia,CNBC,   51300000.,1100, 0.0000290,30,    0.0003340,650
Bruce,USAZ,    1429000.,3600, 0.0000070,0,    0.0008200,12100
Brunswick No. 12,CNNB,  106639000.,300, 0.0000000,3770,    0.0093700,9120
Brunswick No. 6,CNNB,   12500000.,370, 0.0000000,2210,    0.0077400,5610
Buchans(LS-Roth),CNNF,    9070000.,1300, 0.0001700,8200,    0.0116600,16300
Buchans (McLean),CNNF,    3767000.,1290, 0.0001370,8400,    0.0120000,14500
Buchans(OBOrien),CNNF,    2585000.,1400, 0.0002400,9300,    0.0140500,17000
BulyHil-RsngStar,USCA,     620000.,3800, 0.0001980,0,    0.0130000,3100
Bursi,NRWY,    1500000.,1800, 0.0000000,40,    0.0005400,500
Campanario,SPAN,     910000.,970, 0.0000000,2000,    0.0000000,2600
CanadianJamieson,CNON,     600000.,2540, 0.0000030,0,    0.0009200,4330
Canoe Landing,CNNB,    5400000.,500, 0.0001400,500,    0.0051000,1500
Captain,CNNB,     728000.,1150, 0.0000580,0,    0.0001090,0
Captains Flat,AUNS,    4500000.,670, 0.0001600,6000,    0.0054000,10000
Caribou,CNNB,   45100000.,470, 0.0001370,1700,    0.0058600,4480
Carpio,SPAN,    3135000.,2000, 0.0000000,0,    0.0000000,0
Castillo Buitron,SPAN,    3800000.,620, 0.0000000,2100,    0.0000000,4300
Castro Verde,PORT,   53000000.,2250, 0.0000000,600,    0.0046000,3180
CC,CNBC,    7000000.,2000, 0.0000440,0,    0.0008660,400
Centennial,CNMN,    1700000.,1630, 0.0001390,0,    0.0021200,2570
Chestatee,USGA,    1100000.,1000, 0.0000030,0,    0.0000000,700
Chester,CNNB,   16240000.,770, 0.0000004,70,    0.0000110,190
Chisel Lake,CNMN,    6070000.,530, 0.0001740,730,    0.0041800,11190
Clinton,CNQU,    1422000.,1910, 0.0000033,40,    0.0009060,1380
Conception,SPAN,    5870000.,900, 0.0000000,500,    0.0000000,1500
Conigo,CNQU,    2920000.,1600, 0.0000000,0,    0.0027000,130
Copper Crown,CNBC,     211000.,310, 0.0000000,0,    0.0025000,4250
Copper George,AUWA,     500000.,290, 0.0000000,0,    0.0000000,5200
Copper Hill,USCA,     266000.,430, 0.0000000,0,    0.0000000,0
Corbet,CNQU,    2736000.,3010, 0.0000960,0,    0.0020600,1930
Coronation,CNSK,    1280000.,4240, 0.0001890,0,    0.0006200,220
Crandon,USWI,   68000000.,1000, 0.0000000,0,    0.0000000,5000
Cronin,CNBC,      54000.,8120, 0.0000340,0,    0.0431000,7110
Cueva de la Mora,SPAN,    3769000.,1100, 0.0000000,0,    0.0000000,0
Cupra D'Etrie,CNQU,    2966000.,2650, 0.0000480,430,    0.0036200,2630
Cuprus,CNMN,     462000.,3250, 0.0001300,0,    0.0028800,6400
Davis,USMS,     900000.,700, 0.0000000,15,    0.0027800,5600
Deer Isle,USME,      50000.,4220, 0.0010600,0,    0.0068600,1400
Delbridge,CNQU,     445000.,980, 0.0001920,0,    0.0054800,7300
Despina,CNQU,    1220000.,1780, 0.0000000,0,    0.0000000,0
Detour,CNQU,   40900000.,890, 0.0000460,0,    0.0032300,2010
Devils Elbow,CNNB,     517000.,1050, 0.0000000,0,    0.0000000,0
Dickstone,CNMN,    1000000.,2580, 0.0000550,0,    0.0012300,3100
Don Jon,CNMN,      80000.,3070, 0.0000790,0,    0.0014700,0
Double Ed,CNBC,    3630000.,1000, 0.0000000,0,    0.0000000,600
Dumagami,CNQU,    2134000.,140, 0.0003260,0,    0.0009300,0
DumontBourlamque,CNQU,     180000.,690, 0.0002900,0,    0.0000000,0
Dunraine,CNQU,    3030000.,1190, 0.0000180,0,    0.0003090,0
Duthie,CNBC,     118000.,400, 0.0001270,2800,    0.0106500,6500
Dyce Siding,CNMN,    3180000.,650, 0.0000000,0,    0.0000000,1830
Early Bird,USCA,      36000.,4300, 0.0001100,0,    0.0061700,4700
East Sullivan,CNQU,   14950000.,940, 0.0000240,0,    0.0007200,490
Ego,CNON,     336000.,1600, 0.0003800,0,    0.0000000,0
Embury Lake,CNMN,    3600000.,2600, 0.0001400,0,    0.0008900,4300
Emerson,USME,     150000.,230, 0.0011200,2280,    0.0134500,3160
Empire Le Tac,CNQU,     323000.,250, 0.0000000,0,    0.0005590,2420
Errington,CNON,   12208000.,1200, 0.0000820,1000,    0.0054500,3800
Estacao,PORT,   30000000.,300, 0.0000300,1500,    0.0040000,4500
Eulaminna,AUWA,      48000.,9010, 0.0000000,0,    0.0000000,0
Eustis,CNQU,    6350000.,1700, 0.0000000,0,    0.0000000,0
F Group,CNON,     572000.,980, 0.0000000,490,    0.0001800,8100
Farwell Lake,CNMN,     257000.,2030, 0.0000000,0,    0.0000000,0
FilonSurEspranza,SPAN,  110000000.,1200, 0.0000000,500,    0.0000000,1000
Fjeldgruve,NRWY,      27000.,1850, 0.0000000,0,    0.0000000,3700
FL & DH,CNMN,     454000.,900, 0.0000000,0,    0.0000000,2200
Flambeau,USWI,    5400000.,2070, 0.0000000,0,    0.0000000,1200
Flexar,CNSK,     301000.,3800, 0.0001370,0,    0.0006100,470
Flin Flon,CNMN,   58400000.,2240, 0.0002130,200,    0.0030500,4230
Fonnfjell,NRWY,     130000.,400, 0.0000000,0,    0.0000000,0
Fox,CNMN,   13000000.,1880, 0.0000180,0,    0.0005230,1950
Freddie Wells,AUNS,     500000.,250, 0.0000000,0,    0.0000000,10000
Fretais,PORT,   70000000.,530, 0.0000500,1270,    0.0031000,2980
Frotet Lake,CNQU,    1330000.,1730, 0.0000540,0,    0.0031000,2960
Fukazawa,JAPN,    6470000.,1110, 0.0001180,3080,    0.0145000,14700
Furuhaugen,NRWY,     200000.,1800, 0.0000000,0,    0.0000000,500
Furutobe-Ainai,JAPN,   14240000.,1480, 0.0001600,550,    0.0148000,2320
Gamle Folldal,NRWY,    3000000.,1500, 0.0000000,300,    0.0000000,3000
Garon Lake,CNQU,     515000.,1450, 0.0000340,0,    0.0010300,2220
Gaviao,PORT,   25000000.,1500, 0.0000800,900,    0.0034000,3500
Gelvenakko,SWDN,      50000.,1840, 0.0000100,420,    0.0016000,1630
George Copper,CNBC,     553000.,2000, 0.0002060,0,    0.0017200,0
Ghost Lake,CNMN,     559000.,1390, 0.0001370,400,    0.0046300,8640
Giken-Charlotta,NRWY,   15800000.,1950, 0.0000000,0,    0.0002000,560
Girilambone,AUNS,    3350000.,2120, 0.0000000,0,    0.0000000,0
Gjersvik,NRWY,    1700000.,1350, 0.0000000,0,    0.0000000,300
Golden Grove,AUWA,   39200000.,1840, 0.0000420,150,    0.0041600,4500
Goodenough,CNMN,     165000.,2630, 0.0002050,0,    0.0000000,1210
Gray Eagle,USCA,    1330000.,3800, 0.0006170,0,    0.0017600,0
Green Coast,CNON,     181000.,1250, 0.0000000,0,    0.0000000,0
Greens Creek,USAK,    3629000.,500, 0.0003400,2500,    0.0343000,9000
Gullbridge,CNNF,    4700000.,800, 0.0000000,0,    0.0000000,0
Hacan,TRKY,      40000.,1600, 0.0000000,0,    0.0000000,0
HalfMileLake(SG),CNNB,     907000.,440, 0.0000000,790,    0.0001710,6010
Halliwell,CNQU,     183000.,1730, 0.0000240,0,    0.0000000,0
Hnoka(DoyTstKam),JAPN,   22780000.,2080, 0.0000000,1020,    0.0000000,3460
Hanaoka(MatsSha),JAPN,   54200000.,2190, 0.0000620,760,    0.0064000,2630
Hanawa(AktshOsk),JAPN,    2260000.,1550, 0.0000000,3180,    0.0000000,9240
Hanson Lake,CNSK,     141000.,510, 0.0000000,5830,    0.0137000,9990
Harkoy,TRKY,    4000000.,845, 0.0000000,3770,    0.0000000,7700
HeathSteele(ACD),CNNB,    4780000.,1000, 0.0001030,1310,    0.0056600,5340
Heath Steele (B),CNNB,   40415000.,1110, 0.0000930,1610,    0.0063800,4710
Heath Steele(EF),CNNB,    1403000.,1510, 0.0001030,2010,    0.0079900,4390
Hercules,AUTS,    2360000.,500, 0.0003110,5080,    0.0152000,16000
Herrerias,SPAN,    7300000.,1070, 0.0000000,680,    0.0000000,1190
Hersjo,NRWY,    3200000.,1400, 0.0000000,10,    0.0000000,1400
High Lake,CNNT,    4720000.,3530, 0.0000500,0,    0.0000000,2460
Hixbar,PLPN,   28000000.,3130, 0.0003400,0,    0.0030800,14650
Hoida,NRWY,     100000.,1500, 0.0000000,0,    0.0000000,1000
Hood River,CNNT,     744000.,3660, 0.0000000,0,    0.0028000,3740
Horne-Quemont,CNQU,  121800000.,1170, 0.0005800,0,    0.0020400,810
Hunter,CNQU,     439000.,1280, 0.0000000,0,    0.0000000,0
HW,CNBC,   11742000.,2200, 0.0000070,400,    0.0001000,5100
Hyers Island,CNMN,     363000.,2560, 0.0000000,0,    0.0000000,0
Iron Dyke,USOR,     512000.,2840, 0.0007000,0,    0.0029500,0
Iron King,USAZ,    4543000.,190, 0.0004200,2500,    0.0126500,7340
Iron Mountain,USCA,    7880000.,3130, 0.0000770,0,    0.0025400,1050
Irsahan,TRKY,    1000000.,750, 0.0000000,0,    0.0000000,0
IsoMajsiNewInsco,CNQU,    4570000.,1500, 0.0001020,0,    0.0006330,2900
Israil,TRKY,    3620000.,1000, 0.0000000,0,    0.0000000,0
Iwami East,JAPN,    2790000.,550, 0.0000000,1580,    0.0000000,6860
Iwami West,JAPN,    1400000.,570, 0.0000000,1820,    0.0000000,6680
Izok Lake,CNNT,   10900000.,2820, 0.0000000,1420,    0.0070000,13700
Jabal Sayid,SAAR,   10800000.,1550, 0.0000300,0,    0.0035000,1210
Jakobsbakken,NRWY,    4500000.,1550, 0.0000000,0,    0.0007300,2420
Jameland,CNON,     462000.,990, 0.0000030,0,    0.0002800,8770
Jerome,USAZ,   29000000.,5000, 0.0001370,0,    0.0049700,200
Joanne,CNMN,     453600.,1280, 0.0000000,0,    0.0000000,0
Joliet,CNQU,    1250000.,970, 0.0000000,0,    0.0000000,0
Josselin,CNQU,      54000.,2070, 0.0000000,0,    0.0025000,3170
Joutel,CNQU,    1720000.,1650, 0.0000000,0,    0.0003500,2010
Kalkanli,TRKY,     148000.,2270, 0.0000000,0,    0.0000000,0
Kam Kotia,CNON,    5840000.,1110, 0.0000029,0,    0.0003500,1210
Kamkta(Kmnosawa),JAPN,    2600000.,1300, 0.0000000,0,    0.0000000,780
Kankberg,SWDN,     240000.,300, 0.0002400,400,    0.0045000,2900
Kedtrask,SWDN,      61000.,250, 0.0000000,210,    0.0000000,2840
Kelly-Desmond,CNQU,     997000.,730, 0.0000000,0,    0.0031200,6950
Key Anacon,CNNB,    1770000.,240, 0.0000000,2180,    0.0079200,5870
Keystone,USCA,     111000.,6000, 0.0002090,0,    0.0092600,8000
Keystone-Union,USCA,    1200000.,2370, 0.0000010,0,    0.0000750,0
Khans Creek,AUNS,      50000.,1000, 0.0000000,3500,    0.0136000,25100
Khnaiguiyah,SAAR,   30000000.,400, 0.0000000,0,    0.0000000,3300
Kidd Creek,CNON,  242000000.,2660, 0.0000000,210,    0.0070600,5640
Killingdal,NRWY,    3000000.,1700, 0.0000090,400,    0.0024000,5500
Kimheden,SWDN,     131000.,930, 0.0000000,0,    0.0000000,230
Kittelgruvan,SWDN,     116000.,320, 0.0000260,170,    0.0027000,3200
Kizilkaya,TRKY,    9072000.,800, 0.0000000,0,    0.0000000,500
Koff Zone,CNMN,     275000.,2030, 0.0000000,0,    0.0000000,0
Koprubasi,TRKY,    9870000.,330, 0.0000000,1770,    0.0000000,2560
Kosaka(Motoyama),JAPN,    8000000.,2200, 0.0000800,800,    0.0100000,4500
Kosaka(UchntUwa),JAPN,   19860000.,1990, 0.0000880,1540,    0.0110000,5310
Kostere,TRKY,     726000.,3230, 0.0000000,3840,    0.0000000,4980
Kristinberg,SWDN,   11800000.,1000, 0.0000900,300,    0.0023000,2400
Kuntmi(1-5InFud),JAPN,    2100000.,850, 0.0000400,870,    0.0031700,7090
Kunitomi (3-4-6),JAPN,     700000.,1210, 0.0000540,340,    0.0056000,2510
Kunitomi (7-8),JAPN,     400000.,850, 0.0001050,1900,    0.0085500,8200
Kurosawa,JAPN,    4500000.,1600, 0.0000300,1110,    0.0055000,10700
Kutcho Creek,CNBC,   15100000.,2150, 0.0000400,0,    0.0043900,3530
Kutlular,TRKY,    1900000.,1740, 0.0000000,0,    0.0000000,320
Kuvarshan,TRKY,    1239000.,1500, 0.0001000,600,    0.0025000,3000
La Joya,SPAN,    2880000.,500, 0.0000000,650,    0.0000000,600
La Torrera,SPAN,    1500000.,1390, 0.0000000,0,    0.0000000,0
La Zarza,SPAN,  100000000.,700, 0.0000000,800,    0.0000000,1300
Lagunazo,SPAN,    1500000.,800, 0.0000000,800,    0.0000000,1000
Lahanos,TRKY,   11582000.,1330, 0.0000500,100,    0.0005500,1500
Lake Dufault,CNQU,    4090000.,3200, 0.0000790,0,    0.0044200,5600
Lancha,SPAN,     593000.,1000, 0.0000000,0,    0.0000000,0
Langdal,SWDN,     753000.,180, 0.0001500,2130,    0.0154000,6490
Langsele,SWDN,    4807000.,390, 0.0000800,0,    0.0026000,3500
Lenora-Twin J,CNBC,     267000.,1740, 0.0002440,910,    0.0089900,11900
Levi,SWDN,    7300000.,1370, 0.0000200,90,    0.0024000,1570
Lingwick,CNQU,     318000.,600, 0.0000000,0,    0.0017000,6000
Lomero Poyatos,SPAN,    4332000.,900, 0.0004500,1000,    0.0075000,1600
Lost Lake,CNMN,     224000.,1450, 0.0002640,1070,    0.0073500,4900
Lousal,PORT,     600000.,700, 0.0000700,800,    0.0021000,1400
Louvem,CNQU,    2683000.,750, 0.0000770,80,    0.0037200,4040
Lyndhurst,CNQU,     200000.,1840, 0.0000022,0,    0.0007960,0
Lynx,CNQU,     204000.,1600, 0.0000000,0,    0.0000000,350
Lyon Lake,CNON,    3700000.,1150, 0.0000340,630,    0.0116000,6660
MacBride Lake,CNMN,     957000.,320, 0.0000140,0,    0.0011700,8230
Madenkoy,TRKY,   30000000.,2880, 0.0000000,110,    0.0000000,4340
Malaiba,PLPN,      20000.,2270, 0.0000000,0,    0.0000000,0
Mamie,CNBC,      55000.,700, 0.0011000,0,    0.0000000,7600
Mammoth,USCA,    3100000.,3930, 0.0001330,0,    0.0079400,4590
Mandy,CNMN,     150000.,8000, 0.0003260,0,    0.0065000,15000
Mankayan,PLPN,    7168000.,2570, 0.0003740,0,    0.0000000,0
Marcos,PLPN,    5560000.,1180, 0.0000000,0,    0.0000000,0
Mattabi,CNON,   11672000.,910, 0.0000240,840,    0.0107000,7670
Mattagami Lake,CNQU,   25200000.,630, 0.0000450,100,    0.0032600,9170
McMaster,CNNB,     200000.,600, 0.0000000,0,    0.0000000,0
Metsamonttu,FNLD,    1510000.,100, 0.0000350,100,    0.0006300,4600
Mic Mac,CNQU,     354000.,250, 0.0000100,0,    0.0004460,0
Milan,USNH,     500000.,2250, 0.0002400,1570,    0.0050000,7260
Millenbach,CNQU,    3205000.,3430, 0.0000890,0,    0.0052000,4230
Mobrun,CNQU,    2720000.,690, 0.0001780,0,    0.0021300,2180
Mofjell,NRWY,    4200000.,230, 0.0000000,710,    0.0006000,3920
Moinho,PORT,   70000000.,1500, 0.0000700,1280,    0.0034000,3900
Mokoman Lake,CNSK,    5440000.,1000, 0.0000000,0,    0.0000000,0
Moleon Lake,CNQU,     181000.,1700, 0.0000650,0,    0.0037700,2960
Monpas,CNQU,      45000.,2000, 0.0000000,0,    0.0020600,750
Mons Cupri,AUWA,   13000000.,1000, 0.0000000,190,    0.0004770,280
Mordey,CNON,     120000.,2220, 0.0000000,0,    0.0000000,0
Mos,NRWY,    1200000.,500, 0.0000000,12,    0.0000000,1130
Moskogaissa,NRWY,      44000.,6000, 0.0000000,0,    0.0000000,0
Moulton Hill,CNQU,     330000.,980, 0.0002600,1320,    0.0052600,4310
Mount Bulga,AUNS,     471440.,790, 0.0000490,1270,    0.0064000,5000
Mt. Chalmers,AUQL,    4294000.,1640, 0.0002050,1010,    0.0042000,3510
Mt. Lyell,AUTS,     119916.,1250, 0.0000400,0,    0.0008100,0
Mt. Morgan,AUQL,   80000000.,750, 0.0003800,0,    0.0001000,0
Mt. Mulcahy,AUWA,     250000.,3770, 0.0000000,0,    0.0000000,2750
Murgul,TRKY,   54000000.,1270, 0.0000000,0,    0.0000000,0
Murray Brook,CNNB,   21500000.,440, 0.0000000,860,    0.0031200,1950
Myra Falls-Lynx,CNBC,    5178000.,1500, 0.0002100,1000,    0.0099000,7600
Nasliden,SWDN,    1102000.,1150, 0.0001400,320,    0.0038000,3090
Nepisiguit,CNNB,    2640000.,280, 0.0000000,540,    0.0010300,2300
New Bay Pond,CNNF,   18100000.,500, 0.0000000,0,    0.0000000,2000
New Hosco,CNQU,    2053000.,1330, 0.0000034,0,    0.0004500,990
Newton,USCA,     150000.,3510, 0.0000170,0,    0.0013600,200
Nine Mile Brook,CNNB,     135000.,420, 0.0001030,1230,    0.0087100,1070
NordreGjetryggen,NRWY,    4500000.,1300, 0.0000000,0,    0.0000000,5250
Norita,CNQU,    4670000.,1800, 0.0000690,0,    0.0027400,4000
Normetal,CNQU,   10100000.,2150, 0.0000550,0,    0.0045000,5120
North Boundary,CNNB,     455000.,600, 0.0000000,3000,    0.0000000,9000
North Keystone,USCA,     205000.,2200, 0.0000020,0,    0.0001300,0
North Star,CNMN,     241000.,6110, 0.0000343,0,    0.0007890,0
Northair,CNBC,     100000.,600, 0.0003440,5920,    0.0044000,7200
Nuqrah,SAAR,    1400000.,800, 0.0003800,1660,    0.0252000,5700
Old Waite,CNQU,    1129000.,4700, 0.0001100,38,    0.0021700,2980
Orange & Gove,USVT,      50000.,1000, 0.0000000,0,    0.0000000,1000
Orange Point,USAK,    1000000.,5200, 0.0003500,160,    0.0070000,19000
Orchan,CNQU,    4870000.,1050, 0.0000200,0,    0.0019500,9490
Orijarvi,FNLD,    1200000.,940, 0.0000400,180,    0.0010000,610
Osbourne Lake,CNMN,    2970000.,3360, 0.0000680,0,    0.0006170,1550
Oshio,JAPN,    3660000.,1120, 0.0000200,710,    0.0032000,2870
Ostra Hogkulla,SWDN,     114000.,180, 0.0000600,590,    0.0096000,21100
Pabineau River,CNNB,     360000.,1360, 0.0000000,2700,    0.0023700,5500
Paronen,FNLD,    1500000.,1000, 0.0000000,0,    0.0000000,0
Parys Mountain,GRBR,   33700000.,1060, 0.0000000,0,    0.0000000,0
Pater,CNON,    2090000.,1710, 0.0000000,0,    0.0000000,0
Paymogo,SPAN,     822000.,2400, 0.0001000,700,    0.0157000,1250
Pecos,USNM,    2090000.,900, 0.0003400,4600,    0.0130200,12500
Pelican,USWI,    2700000.,1000, 0.0000000,0,    0.0000000,4500
Penn,USCA,     884000.,4240, 0.0002380,60,    0.0075000,1140
Penobscot,USME,    1000000.,1250, 0.0000000,500,    0.0018900,5500
Perrunal,SWDN,   12000000.,350, 0.0000000,160,    0.0000000,400
Phelps Dodge,CNQU,    1540000.,1100, 0.0000000,0,    0.0017000,4900
Pilleys Island,CNNF,     374000.,1700, 0.0000000,0,    0.0000000,0
Pine Bay,CNMN,    1360000.,1300, 0.0000000,0,    0.0000000,0
Piray,PLPN,     150000.,2000, 0.0000000,0,    0.0000000,0
Point Leamington,CNNF,   16562000.,500, 0.0000000,0,    0.0000000,2000
Poirier,CNQU,    6400000.,1620, 0.0000000,0,    0.0008500,1760
Port Aux Moines,FRNC,    2500000.,710, 0.0000000,2100,    0.0115000,9500
Pot Lake,CNMN,     102000.,1430, 0.0000380,0,    0.0018900,4500
Price,CNBC,      93260.,1100, 0.0001070,1000,    0.0041000,9400
Pyhasalmi,FNLD,   31100000.,750, 0.0000200,60,    0.0017000,2430
Que River,AUTS,    6000000.,400, 0.0003400,7000,    0.0171000,12500
Quebec Manitou,CNQU,     692000.,1260, 0.0003400,0,    0.0171000,0
Radiore E,CNQU,     139000.,2000, 0.0000340,0,    0.0006900,1000
Rail Lake,CNMN,     295000.,3000, 0.0000000,0,    0.0000000,700
Rakkejaur,SWDN,   15400000.,300, 0.0001000,0,    0.0045000,2300
Rambler-Ming,CNNF,    4468000.,1710, 0.0001030,0,    0.0009900,140
Ramsey,CNSK,     710000.,2040, 0.0000000,0,    0.0000000,1600
Ravliden,SWDN,     888000.,490, 0.0000300,650,    0.0089000,4120
Ravlidmyran,SWDN,    3878000.,1010, 0.0000900,0,    0.0034000,3450
Red Wing,CNBC,     181000.,2000, 0.0000000,0,    0.0000000,0
Reed Lake,CNMN,    1360000.,2090, 0.0000000,0,    0.0000000,0
Renstrom,SWDN,    3630000.,1100, 0.0004000,1800,    0.0184000,7900
Rieppe,NRWY,    3000000.,500, 0.0000000,0,    0.0000000,2000
Rio Tinto,SPAN,  231200000.,760, 0.0000220,430,    0.0004070,970
Rocky Turn,CNNB,     255000.,300, 0.0001700,1500,    0.0079000,7000
Rod,CNMN,     633000.,5370, 0.0000960,0,    0.0013700,2580
Rodhammeren,NRWY,     900000.,300, 0.0000000,0,    0.0000000,0
Rodkleiv,NRWY,    2500000.,970, 0.0000000,0,    0.0000000,2850
Romanera,SPAN,    1500000.,380, 0.0000000,3350,    0.0116000,6210
Romerito,SPAN,    8600000.,900, 0.0000000,1900,    0.0000000,3980
Rosebery-Read,AUTS,   17760000.,690, 0.0003340,5100,    0.0159000,16600
Rostvangen,NRWY,     400000.,2600, 0.0000800,0,    0.0035000,1000
Rudtjebacken,SWDN,    4635000.,980, 0.0000200,0,    0.0012000,2560
Ruttan,CNMN,   40800000.,1530, 0.0000200,0,    0.0005000,1430
Sabetjok,NRWY,      15400.,1600, 0.0000000,0,    0.0000000,0
Sagmo,NRWY,    2100000.,1800, 0.0000000,0,    0.0000000,2200
Sain Bel,FRNC,   20000000.,300, 0.0000000,15,    0.0000000,240
San Antonio,SPAN,   27000000.,1600, 0.0000170,300,    0.0016000,670
San Domingos,PORT,   20000000.,1250, 0.0000000,0,    0.0000000,2500
SnGuilermoSierra,SPAN,  125000000.,710, 0.0000600,670,    0.0012000,1330
San Mateo,PLPN,      20000.,4000, 0.0000000,0,    0.0000000,0
San Pedro,SPAN,     230000.,1750, 0.0000000,0,    0.0000000,0
San Platon,SPAN,    1500000.,3500, 0.0000000,0,    0.0000000,0
San Telmo,SPAN,   11400000.,1500, 0.0000028,1200,    0.0002000,5000
Santa Rosa,SPAN,     500000.,1300, 0.0000000,0,    0.0000000,0
Schist Lake,CNMN,    1880000.,4210, 0.0001150,0,    0.0033200,7000
Selco-Scott,CNQU,     678000.,550, 0.0000200,0,    0.0013000,6910
Shasta King,USCA,     200000.,2920, 0.0001100,0,    0.0034170,7610
Shunsby,CNON,    2270000.,1200, 0.0000000,0,    0.0000000,1280
Sierrecilla,SPAN,     200000.,1770, 0.0000000,6240,    0.0130000,12600
Silver Queen,CNBC,     363000.,760, 0.0003100,2100,    0.0275000,6000
Skaide,NRWY,      22000.,5800, 0.0000000,0,    0.0000000,0
Solbec,CNQU,   11935000.,1360, 0.0000310,470,    0.0025200,3700
Sotiel,SPAN,   41000000.,600, 0.0000000,1300,    0.0000000,4300
Sourdough Bay,CNMN,     289000.,1460, 0.0000000,0,    0.0000000,1710
South Dufault,CNQU,     218000.,1080, 0.0000000,0,    0.0000000,0
South Rusty Hill,CNQU,     454000.,800, 0.0000000,0,    0.0000000,0
Spenceville,USCA,     136000.,5000, 0.0000000,0,    0.0000000,0
Spruce Point,CNMN,     907000.,2000, 0.0000000,0,    0.0000000,4000
Stall Lake,CNMN,    6040000.,4390, 0.0001350,0,    0.0010140,550
Stekenjokk,SWDN,   15100000.,1460, 0.0000250,300,    0.0053000,3030
Stirling,CNNS,    1240000.,720, 0.0000960,1430,    0.0006900,6370
Stowell,USCA,     150000.,3000, 0.0001100,0,    0.0037480,0
Stralak,CNON,     330000.,320, 0.0000000,0,    0.0023000,3180
Stratmat,CNNB,    1090000.,1000, 0.0000000,1000,    0.0065000,3000
Sturgeon Lake,CNON,    2087000.,2800, 0.0000650,1420,    0.0181800,10190
Suffield,CNQU,     907000.,1280, 0.0000620,590,    0.0082000,6450
Sulat,PLPN,   20200000.,1210, 0.0000000,0,    0.0000000,0
Sun,CNMN,     500000.,1500, 0.0000000,0,    0.0000000,500
Sunshine,CNBC,     313000.,180, 0.0000000,1690,    0.0012200,4800
Susu Lake,CNNT,     129000.,950, 0.0000000,0,    0.0000000,0
Sutro,USCA,      32000.,7500, 0.0002760,0,    0.0218000,0
Tache Lake,CNQU,     643000.,330, 0.0002100,0,    0.0011300,5260
Taisho(Nishmata),JAPN,    1730000.,2600, 0.0000000,1300,    0.0000000,8900
Takijug Lake,CNNT,     726000.,3710, 0.0000000,0,    0.0028000,3730
Taknar I,IRAN,     100000.,2000, 0.0000000,0,    0.0000000,1000
Taknar II,IRAN,      50000.,2000, 0.0000000,1000,    0.0000000,15000
Tapley,USME,      50000.,2600, 0.0002100,10,    0.0105300,40
Tashiro,JAPN,    3880000.,860, 0.0000200,300,    0.0032000,1170
Taslica,TRKY,     200000.,7180, 0.0000000,1380,    0.0000000,18570
Teahan,CNNB,     122000.,460, 0.0000000,0,    0.0029800,1460
Tedi,CNBC,     124000.,220, 0.0000340,2070,    0.0127000,2040
Terra Nova,CNNF,     118000.,2400, 0.0001680,0,    0.0009900,0
Teutonic Bore,AUWA,    2500000.,3500, 0.0000000,0,    0.0150000,9500
Texas,CNNB,    5000000.,1000, 0.0000000,2000,    0.0000000,5000
Third Portage,CNNB,    3630000.,310, 0.0000690,4600,    0.0084000,5900
Tjokkola,SWDN,     169000.,890, 0.0000100,100,    0.0022000,2200
Tomogonops,CNNB,    2040000.,590, 0.0000000,2440,    0.0031900,6290
Trinity,CNQU,     133000.,1180, 0.0000000,0,    0.0000000,740
Trout Bay,CNON,     127000.,500, 0.0000240,240,    0.0058000,7500
Tschhta(Hatabra),JAPN,    8710000.,1400, 0.0002800,100,    0.0022000,200
Tschhta(Honzawa),JAPN,     840000.,1000, 0.0002500,500,    0.0025000,1500
Tschhta(Shrtsuc),JAPN,    3200000.,1430, 0.0002800,160,    0.0022000,500
Tschhta(UnonoOk),JAPN,    2650000.,1210, 0.0000900,0,    0.0009100,0
Tschhta(Wshnosu),JAPN,     360000.,400, 0.0003000,0,    0.0010000,0
Tulk's Pond,CNNF,     544000.,1500, 0.0000000,1500,    0.0000000,5000
Tulsequah,CNBC,    1620000.,1270, 0.0004040,1260,    0.0140000,6900
Tunca,TRKY,    1000000.,1380, 0.0000000,0,    0.0000000,1000
Tverrfjellet,NRWY,   19000000.,1000, 0.0000000,200,    0.0000000,1200
Uchi,CNON,    1590000.,1840, 0.0000000,0,    0.0072700,11400
Udden,SWDN,    8000000.,440, 0.0000800,310,    0.0040000,4540
Undu,FIJI,     167000.,2520, 0.0000400,130,    0.0071400,3320
Vaddas,NRWY,    1500000.,1690, 0.0000000,0,    0.0000000,10
Vamp,CNMN,     454000.,1650, 0.0002300,0,    0.0014000,1100
Vauze,CNQU,     349000.,2900, 0.0000650,0,    0.0023600,490
Vermillion,CNON,    5390000.,1120, 0.0001700,1000,    0.0049000,3890
Vigsnes,NRWY,    2500000.,1700, 0.0000000,0,    0.0000000,1400
Viscaria,SWDN,   30000000.,1100, 0.0000000,0,    0.0000000,0
Waden Bay,CNSK,    1720000.,1640, 0.0001230,0,    0.0005480,0
Waite East,CNQU,    1500000.,4130, 0.0001820,0,    0.0031000,3260
Wallaroo,AUWA,    3800000.,3300, 0.0000000,0,    0.0000000,0
Wedge,CNNB,    1456000.,2400, 0.0000340,400,    0.0017000,1750
Weedon,CNQU,    1601000.,1620, 0.0000210,0,    0.0005300,770
Weiss,TRKY,    1814000.,3180, 0.0002600,0,    0.0018400,480
Westarm,CNMN,    1230000.,4000, 0.0001270,0,    0.0016000,1780
Whim Creek,AUWA,    2790000.,2000, 0.0000000,0,    0.0000000,470
White Lake,CNMN,     628000.,2010, 0.0000690,0,    0.0030900,4730
Whundo,AUWA,    2060000.,2220, 0.0000000,0,    0.0000000,1260
Wildcat,PLPN,     600000.,3100, 0.0000000,0,    0.0000000,0
Willecho,CNON,    3192000.,570, 0.0000069,190,    0.0055000,3000
Wim,CNMN,     989000.,2910, 0.0001710,0,    0.0008200,0
Windy,CNBC,    9070000.,1000, 0.0000000,0,    0.0000000,0
Woodlawn,AUQL,   11000000.,1770, 0.0000000,3540,    0.0078000,9340
Yava,CNNT,    1130000.,600, 0.0000340,1700,    0.0137000,5000
Yoichi,JAPN,     740000.,700, 0.0001300,1000,    0.0050000,3500
Yokota(MtymaHma),JAPN,    7990000.,1080, 0.0000100,580,    0.0046000,2460
Yoshino (Hisaka),JAPN,     960000.,1000, 0.0001000,0,    0.0060000,4000
Yoshino (Main),JAPN,    4750000.,1330, 0.0002070,0,    0.0060000,4220
Z,CNMN,     139000.,1110, 0.0000540,0,    0.0000000,2490
